Дуболазов;Герасим;Михаилович;м;1983-10-09;Россия, г. Артем, Лесной пер., д. 6 кв.180;+7 (931) 284-49-54;gerasim4876@outlook.com;2f109e6dd;
Ядрышников;Афанасий;Даниилович;м;1977-11-02;Россия, г. Балаково, Новый пер., д. 24 кв.164;+7 (917) 184-62-55;afanasiy.yadryshnikov@gmail.com;e02fb38fc;
Хабалов;Ефим;Ефремович;м;1987-03-06;Россия, г. Железногорск, Восточная ул., д. 13 кв.81;+7 (953) 294-18-30;efim1987@hotmail.com;5c017d264;
Филатов;Яков;Викторович;м;1971-03-19;Россия, г. Муром, Молодежный пер., д. 17 кв.139;+7 (987) 189-93-55;yakov35@ya.ru;f9f1cbdc9;
Жирова;Рада;Степановна;ж;1984-02-10;Россия, г. Уссурийск, Пионерская ул., д. 21 кв.51;+7 (982) 664-20-27;rada10021984@gmail.com;04a24d20f;
Ряхина;Елена;Максимовна;ж;1962-11-02;Россия, г. Комсомольск-на-Амуре, Луговой пер., д. 1 кв.51;+7 (940) 404-37-48;elena2392@rambler.ru;a3ce78664;
Букова;Карина;Викторовна;ж;1977-12-24;Россия, г. Иркутск, Зеленая ул., д. 8 кв.181;+7 (998) 635-12-51;karina88@rambler.ru;d1bfb4bbe;
Должикова;Анжела;Степановна;ж;1989-08-04;Россия, г. Москва, Речная ул., д. 20 кв.27;+7 (980) 737-44-16;anjela1989@hotmail.com;1016cd591;
Есаулова;Пелагея;Степановна;ж;1965-03-11;Россия, г. Батайск, Сосновая ул., д. 18 кв.204;+7 (914) 975-19-72;pelageya11031965@ya.ru;0aade3f0c;
Толстая;Кира;Кирилловна;ж;1994-07-03;Россия, г. Астрахань, Ленинская ул., д. 24 кв.179;+7 (941) 558-43-14;kira03071994@hotmail.com;c47c0dc7f;
Кудяшов;Емельян;Егорович;м;1979-06-15;Россия, г. Щёлково, Мичурина ул., д. 19 кв.25;+7 (913) 394-65-35;emelyan9975@gmail.com;2e81a9fd7;
Яхимович;Кира;Игнатевна;ж;1991-09-11;Россия, г. Элиста, Хуторская ул., д. 18 кв.61;+7 (939) 445-39-73;kira.yahimovich@rambler.ru;b65cdf92d;
Графова;Кира;Арсеньевна;ж;1984-04-08;Россия, г. Каменск - Уральский, Пролетарская ул., д. 13 кв.154;+7 (958) 823-44-93;kira.grafova@ya.ru;0caf35b4d;
Кедрова;Таисия;Петровна;ж;1983-05-04;Россия, г. Серпухов, Южная ул., д. 4 кв.33;+7 (910) 748-97-38;taisiya33@gmail.com;d18a2548e;
Дульцева;Настасья;Севастьяновна;ж;1993-01-12;Россия, г. Санкт-Петербург, Вокзальная ул., д. 4 кв.174;+7 (928) 626-12-87;nastasya47@rambler.ru;91ea07ba5;
Ханилова;Арина;Георгьевна;ж;1984-04-28;Россия, г. Орск, Коммунистическая ул., д. 25 кв.176;+7 (917) 352-58-62;arina1697@hotmail.com;9f4af0d59;
Путинова;Карина;Игнатьевна;ж;1980-03-12;Россия, г. Вологда, Цветочная ул., д. 20 кв.192;+7 (914) 229-86-93;karina6796@yandex.ru;86f718c99;
Головченко;Анастасия;Витальевна;ж;1978-03-18;Россия, г. Альметьевск, Песчаная ул., д. 4 кв.183;+7 (968) 239-72-73;anastasiya9824@yandex.ru;a812f0fe3;
Туров;Юрий;Михаилович;м;1985-07-19;Россия, г. Одинцово, Радужная ул., д. 24 кв.37;+7 (949) 655-20-72;yuriy1985@yandex.ru;1a02e8fa8;
Берия;Римма;Севастьяновна;ж;1965-11-01;Россия, г. Нижний Новгород, Полевая ул., д. 14 кв.65;+7 (967) 181-54-25;rimma1965@rambler.ru;6dd74a5f6;
Самошин;Максим;Иванович;м;1996-01-26;Россия, г. Норильск, Приозерная ул., д. 10 кв.95;+7 (989) 597-11-52;maksim1996@rambler.ru;957856d56;
Пайкова;Альбина;Михаиловна;ж;1984-10-18;Россия, г. Бердск, Пушкина ул., д. 1 кв.67;+7 (907) 447-40-41;albina49@outlook.com;21134c88e;
Минеев;Виктор;Ефимович;м;1976-05-05;Россия, г. Пятигорск, Вокзальная ул., д. 24 кв.187;+7 (941) 566-53-60;viktor7483@ya.ru;13922928b;
Харламов;Илья;Яковлевич;м;1986-04-27;Россия, г. Челябинск, Колхозный пер., д. 20 кв.211;+7 (933) 187-10-16;ilya4276@ya.ru;9a79a6a33;
Каракозова;Марианна;Тимофеевна;ж;1973-08-25;Россия, г. Великий Новгород, Советская ул., д. 21 кв.137;+7 (962) 483-60-13;marianna25081973@outlook.com;9b39761ac;
Казнов;Герман;Филиппович;м;1960-07-06;Россия, г. Псков, Вишневая ул., д. 22 кв.170;+7 (968) 299-14-57;german06071960@outlook.com;53fce5510;
Грузинский;Ефим;Трофимович;м;1979-05-22;Россия, г. Саранск, ЯнкиКупалы ул., д. 5 кв.92;+7 (962) 651-47-30;efim.gruzinskiy@mail.ru;e27be1816;
Кетова;Нонна;Себастьяновна;ж;1970-05-15;Россия, г. Северск, Дорожная ул., д. 6 кв.17;+7 (941) 607-87-76;nonna39@gmail.com;bc6a4fd72;
Карявина;Катерина;Панкратовна;ж;1983-05-09;Россия, г. Керчь, Новая ул., д. 9 кв.195;+7 (996) 738-68-62;katerina.karyavina@rambler.ru;d2de97098;
Гайдученко;Василиса;Климентьевна;ж;1986-12-14;Россия, г. Ярославль, Мичурина ул., д. 22 кв.212;+7 (915) 448-64-28;vasilisa3469@hotmail.com;c8ecda623;
Кабисов;Ефим;Ростиславович;м;1987-07-25;Россия, г. Самара, Первомайская ул., д. 15 кв.192;+7 (989) 338-76-90;efim1987@mail.ru;d2a756684;
Митяшов;Марк;Валерианович;м;1968-12-20;Россия, г. Каменск - Уральский, Сосновая ул., д. 16 кв.143;+7 (985) 833-25-32;mark.mityashov@ya.ru;7e1542175;
Дурова;Елизавета;Никитьевна;ж;1962-10-25;Россия, г. Махачкала, Новый пер., д. 13 кв.154;+7 (928) 182-46-36;elizaveta4137@ya.ru;7617728d1;
Новохацкий;Лев;Германович;м;1974-07-11;Россия, г. Чита, Пролетарская ул., д. 18 кв.131;+7 (987) 391-15-83;lev3384@mail.ru;8f4241998;
Кириллов;Ефим;Ипполитович;м;1992-08-25;Россия, г. Новочеркасск, Сосновая ул., д. 25 кв.117;+7 (963) 655-98-40;efim.kirillov@ya.ru;cd3254ee7;
Куделькин;Виктор;Даниилович;м;1967-06-28;Россия, г. Дербент, Луговой пер., д. 7 кв.27;+7 (938) 567-50-16;viktor.kudelkin@outlook.com;a9fc5fb45;
Капица;Лана;Елизаровна;ж;1993-01-01;Россия, г. Новый Уренгой, Березовая ул., д. 9 кв.124;+7 (991) 816-18-47;lana2675@gmail.com;932e927e8;
Дурченко;Зинаида;Нифонтовна;ж;1983-05-03;Россия, г. Смоленск, Первомайская ул., д. 16 кв.75;+7 (994) 605-68-92;zinaida1983@outlook.com;2eda8a064;
Барндык;Егор;Ильич;м;1965-10-01;Россия, г. Элиста, Луговая ул., д. 7 кв.89;+7 (979) 539-62-98;egor9230@outlook.com;d0d39b854;
Фанин;Ефим;Михаилович;м;1979-07-02;Россия, г. Южно-Сахалинск, Лесной пер., д. 15 кв.79;+7 (965) 841-56-56;efim31@hotmail.com;db2a79ad1;
Теплых;Клавдия;Ефимовна;ж;1981-09-04;Россия, г. Белгород, Октябрьская ул., д. 3 кв.55;+7 (989) 206-46-32;klavdiya1981@rambler.ru;6390b1495;
Аксенчук;Василий;Юринович;м;1965-07-28;Россия, г. Жуковский, Победы ул., д. 10 кв.189;+7 (918) 171-75-76;vasiliy.aksenchuk@mail.ru;dc128be19;
Кобзев;Ефим;Никандрович;м;1980-04-01;Россия, г. Копейск, Хуторская ул., д. 7 кв.58;+7 (927) 805-90-52;efim23@yandex.ru;7d085bd92;
Чумакова;Мила;Никифоровна;ж;1960-01-11;Россия, г. Астрахань, Дзержинского ул., д. 22 кв.170;+7 (948) 191-82-51;mila84@mail.ru;fc41cd160;
Худякова;Ирина;Викторовна;ж;1982-04-08;Россия, г. Пермь, Красноармейская ул., д. 16 кв.38;+7 (997) 182-59-88;irina.hudyakova@outlook.com;60365fbc1;
Долгов;Максим;Ефимович;м;1965-01-19;Россия, г. Ноябрьск, Ленина В.И.ул., д. 10 кв.186;+7 (913) 950-47-55;maksim.dolgov@rambler.ru;1978fed76;
Косма;Гавриил;Герасимович;м;1973-01-12;Россия, г. Таганрог, Весенняя ул., д. 8 кв.124;+7 (958) 701-34-79;gavriil3864@outlook.com;0c5d573e1;
Горяинова;Валерия;Фадеевна;ж;1991-02-18;Россия, г. Хасавюрт, Западная ул., д. 12 кв.202;+7 (945) 699-37-12;valeriya.goryainova@mail.ru;a71aaef36;
Веселовская;Лариса;Гаврннловна;ж;1961-02-01;Россия, г. Назрань, Садовая ул., д. 22 кв.67;+7 (956) 849-27-27;larisa01021961@hotmail.com;bd45f1e57;
Волгин;Иван;Романович;м;1968-12-01;Россия, г. Омск, Победы ул., д. 8 кв.218;+7 (978) 611-93-40;ivan42@yandex.ru;1dd4d90ee;
Десятков;Иван;Антонович;м;1985-06-15;Россия, г. Воронеж, Вишневая ул., д. 3 кв.173;+7 (998) 384-60-81;ivan4770@ya.ru;910c773c1;
Тизенгаузена;Альбина;Марковна;ж;1963-04-15;Россия, г. Пятигорск, Центральный пер., д. 14 кв.112;+7 (949) 647-78-39;albina21@rambler.ru;393051560;
Лукашевич;Карина;Леонидовна;ж;1971-09-11;Россия, г. Северодвинск, 3 Марта ул., д. 8 кв.208;+7 (913) 511-67-69;karina73@mail.ru;cd9856bb0;
Умаметева;Клавдия;Герасимовна;ж;1972-12-21;Россия, г. Арзамас, Советская ул., д. 1 кв.213;+7 (985) 442-75-38;klavdiya26@rambler.ru;6316f7d34;
Салтыков;Евгений;Егорович;м;1992-09-25;Россия, г. Элиста, Гагарина ул., д. 22 кв.98;+7 (913) 294-97-11;evgeniy9569@outlook.com;67184ba54;
Шевелёка;Серафима;Валентиновна;ж;1974-08-25;Россия, г. Мытищи, Сельская ул., д. 6 кв.136;+7 (919) 266-93-97;serafima25081974@ya.ru;8a9b16f7d;
Новомейский;Герасим;Маркович;м;1988-10-17;Россия, г. Сыктывкар, Пионерская ул., д. 8 кв.220;+7 (943) 836-98-28;gerasim62@rambler.ru;4d1912c91;
Кудашова;Александра;Юлиановна;ж;1996-02-26;Россия, г. Новороссийск, Вокзальная ул., д. 6 кв.115;+7 (944) 740-48-47;aleksandra1996@mail.ru;c5e870409;
Субботина;Марьямна;Петровна;ж;1996-08-01;Россия, г. Норильск, Первомайский пер., д. 16 кв.8;+7 (965) 422-96-67;maryamna26@gmail.com;560494871;
Чугунова;Аполлинария;Захаровна;ж;1982-07-24;Россия, г. Москва, Сельская ул., д. 24 кв.145;+7 (989) 421-44-16;apollinariya.chugunova@yandex.ru;aa106a8d8;
Анрепа;Антонина;Ивановна;ж;1961-11-03;Россия, г. Раменское, Интернациональная ул., д. 8 кв.105;+7 (944) 752-16-23;antonina.anrepa@rambler.ru;2837aa03e;
Курбатова;Жанна;Иннокентьевна;ж;1979-12-12;Россия, г. Элиста, Первомайская ул., д. 19 кв.30;+7 (924) 981-65-42;janna1979@yandex.ru;4948131d4;
Убыша;Светлана;Максимовна;ж;1964-09-05;Россия, г. Нижнекамск, Майская ул., д. 11 кв.199;+7 (925) 179-91-30;svetlana72@ya.ru;bd67bc9c8;
Фомичева;Людмила;Тимофеевна;ж;1984-11-01;Россия, г. Арзамас, Луговой пер., д. 5 кв.181;+7 (981) 948-74-25;lyudmila5027@outlook.com;ea21d921d;
Пастухов;Федот;Никитьевич;м;1960-05-28;Россия, г. Ковров, Октябрьский пер., д. 15 кв.48;+7 (920) 154-39-72;fedot8782@rambler.ru;95a6e9cca;
Слепынина;Юлиана;Макаровна;ж;1974-10-27;Россия, г. Тула, Максима Горького ул., д. 7 кв.69;+7 (919) 197-77-16;yuliana5174@ya.ru;1682787ca;
Горюнова;Клавдия;Вениаминовна;ж;1992-03-02;Россия, г. Красноярск, Советская ул., д. 20 кв.11;+7 (945) 887-24-18;klavdiya1992@hotmail.com;c87fdd938;
Бессонов;Иван;Тимофеевич;м;1987-05-08;Россия, г. Череповец, Минская ул., д. 17 кв.219;+7 (966) 715-90-32;ivan6705@gmail.com;ccf3e078e;
Ананьев;Валентин;Павлович;м;1960-11-08;Россия, г. Нефтеюганск, Парковая ул., д. 6 кв.26;+7 (953) 289-91-76;valentin1960@gmail.com;3f37fac11;
Вицина;Ирина;Всеволодовна;ж;1973-03-15;Россия, г. Пушкино, Дорожная ул., д. 2 кв.136;+7 (971) 481-83-55;irina1754@outlook.com;406095974;
Мазурина;Марианна;Георгьевна;ж;1988-06-25;Россия, г. Нефтекамск, Красноармейская ул., д. 16 кв.34;+7 (952) 623-69-67;marianna1988@gmail.com;3e6a2e2de;
Собакова;Оксана;Романовна;ж;1982-06-13;Россия, г. Самара, Южная ул., д. 7 кв.179;+7 (943) 115-58-80;oksana48@outlook.com;af82bae8a;
Кимаска;Татьяна;Филипповна;ж;1990-09-14;Россия, г. Ачинск, Дачная ул., д. 7 кв.98;+7 (981) 844-31-56;tatyana.kimaska@mail.ru;ce0fe76f7;
Юнкин;Никита;Давидович;м;1965-03-24;Россия, г. Арзамас, Новая ул., д. 20 кв.11;+7 (924) 282-73-27;nikita24031965@gmail.com;cb921a202;
Кравчука;Лана;Кузьминовна;ж;1967-09-09;Россия, г. Жуковский, Трудовая ул., д. 25 кв.109;+7 (975) 875-82-65;lana.kravchuka@yandex.ru;642af2aad;
Якунов;Арсений;Ефимович;м;1995-09-17;Россия, г. Кисловодск, Заводская ул., д. 6 кв.156;+7 (934) 386-94-66;arseniy1584@gmail.com;ca1fa3ea4;
Москвитина;Валерия;Давидович;ж;1987-04-01;Россия, г. Рязань, Комсомольская ул., д. 20 кв.109;+7 (965) 976-68-42;valeriya01041987@mail.ru;90934040c;
Родиков;Федот;Федотович;м;1982-06-17;Россия, г. Абакан, Ленина В.И.ул., д. 13 кв.62;+7 (978) 178-72-35;fedot5397@ya.ru;6d6e41c3c;
Столяров;Арсений;Трофимович;м;1992-02-28;Россия, г. Ноябрьск, Коммунистическая ул., д. 11 кв.110;+7 (927) 633-99-92;arseniy28021992@rambler.ru;08a935810;
Хахалина;Лидия;Григориевна;ж;1993-10-10;Россия, г. Коломна, Дружбы ул., д. 8 кв.79;+7 (990) 275-51-96;lidiya1993@yandex.ru;2a0834a58;
Хорошавцев;Семен;Климентович;м;1995-06-01;Россия, г. Тверь, Заводская ул., д. 3 кв.86;+7 (971) 993-75-51;semen6808@rambler.ru;87e313c91;
Ершов;Петр;Иванович;м;1979-01-22;Россия, г. Ачинск, Дачная ул., д. 18 кв.38;+7 (989) 812-34-78;petr44@mail.ru;d67a49b9f;
Чибисов;Ефрем;Евгеньевич;м;1995-07-14;Россия, г. Новокузнецк, Строителей ул., д. 21 кв.94;+7 (931) 373-27-46;efrem14071995@hotmail.com;58173c32c;
Дробышева;Антонина;Серафимовна;ж;1963-06-10;Россия, г. Ангарск, Мичурина ул., д. 13 кв.25;+7 (955) 877-63-15;antonina37@yandex.ru;f1c323f11;
Корнейчука;Василиса;Витальевна;ж;1961-10-03;Россия, г. Брянск, Полевая ул., д. 23 кв.195;+7 (978) 144-59-37;vasilisa.korneychuka@mail.ru;79a2e880d;
Стародубова;Раиса;Адамовна;ж;1962-03-04;Россия, г. Евпатория, Интернациональная ул., д. 15 кв.115;+7 (949) 845-97-64;raisa39@mail.ru;ecf08d1a7;
Евремович;Ирина;Севастьяновна;ж;1962-02-06;Россия, г. Ростов-на-Дону, Колхозный пер., д. 2 кв.48;+7 (936) 645-44-26;irina06021962@ya.ru;053668d4c;
Полищук;Серафима;Ростиславовна;ж;1983-08-16;Россия, г. Орёл, Цветочная ул., д. 17 кв.44;+7 (907) 761-50-18;serafima45@yandex.ru;cb740721f;
Жванецкий;Валерий;Федотович;м;1978-11-06;Россия, г. Хасавюрт, Коммунистическая ул., д. 21 кв.101;+7 (973) 989-83-10;valeriy06111978@mail.ru;ed13e0312;
Должикова;Виктория;Юрьевна;ж;1995-01-25;Россия, г. Альметьевск, Колхозная ул., д. 21 кв.48;+7 (932) 330-37-13;viktoriya1995@rambler.ru;e19960cf2;
Шигин;Иван;Кириллович;м;1971-08-23;Россия, г. Димитровград, Речная ул., д. 2 кв.86;+7 (910) 744-74-90;ivan23081971@gmail.com;951cfbedd;
Чегодаев;Сергей;Михаилович;м;1972-11-15;Россия, г. Кисловодск, Спортивная ул., д. 5 кв.46;+7 (977) 598-98-27;sergey15111972@yandex.ru;0b805caca;
Цыганова;Клавдия;Тимофеевна;ж;1974-04-11;Россия, г. Хабаровск, Калинина ул., д. 7 кв.172;+7 (955) 690-44-62;klavdiya1974@hotmail.com;ce5afb2bd;
Сидорова;Александра;Лаврентьевна;ж;1975-01-19;Россия, г. Иркутск, Минская ул., д. 1 кв.18;+7 (977) 647-91-41;aleksandra80@gmail.com;9d12ded71;
Сильвестров;Евгений;Артемович;м;1961-07-18;Россия, г. Березники, Полевая ул., д. 19 кв.79;+7 (949) 156-25-16;evgeniy9971@gmail.com;43d93d719;
Коршикова;Александра;Федоровна;ж;1968-09-26;Россия, г. Кострома, Пионерская ул., д. 25 кв.33;+7 (913) 537-12-25;aleksandra6462@ya.ru;393209dca;
Бурдакова;Вера;Якововна;ж;1967-02-01;Россия, г. Оренбург, Луговой пер., д. 14 кв.204;+7 (975) 995-36-18;vera.burdakova@mail.ru;9e41ba937;
Капустов;Филипп;Иванович;м;1969-02-20;Россия, г. Октябрьский, Центральная ул., д. 13 кв.212;+7 (979) 441-36-12;filipp20021969@gmail.com;d216fd16c;
Ахвледиани;Анфиса;Ефимовна;ж;1973-05-06;Россия, г. Мытищи, Ленинская ул., д. 18 кв.157;+7 (985) 808-19-23;anfisa63@hotmail.com;406a6cf6d;
Пелёвин;Антон;Афанасьевич;м;1993-09-27;Россия, г. Салават, Садовая ул., д. 16 кв.30;+7 (937) 651-51-44;anton1993@outlook.com;9d345815e;
Столярова;Таисия;Филипповна;ж;1973-10-24;Россия, г. Астрахань, Первомайская ул., д. 11 кв.179;+7 (934) 880-33-89;taisiya24101973@mail.ru;d4f1dd31b;
Ямбаев;Игнат;Александрович;м;1988-11-07;Россия, г. Новосибирск, Ленинская ул., д. 1 кв.166;+7 (965) 840-74-11;ignat07111988@ya.ru;e95fc6fbf;
Баушева;Ольга;Петровна;ж;1973-03-09;Россия, г. Балашиха, Сосновая ул., д. 11 кв.79;+7 (961) 101-92-38;olga1973@rambler.ru;cf219b4e3;
Ванзина;Анна;Никитьевна;ж;1963-12-02;Россия, г. Абакан, Чапаева ул., д. 14 кв.54;+7 (924) 187-35-91;anna1963@hotmail.com;69bf77f3c;
Ростов;Алексей;Иванович;м;1978-09-20;Россия, г. Майкоп, Дорожная ул., д. 2 кв.79;+7 (964) 526-47-10;aleksey40@hotmail.com;9b1a9d1dd;
Лапунов;Виталий;Аркадьевич;м;1987-02-09;Россия, г. Новосибирск, Речная ул., д. 4 кв.48;+7 (911) 405-86-94;vitaliy09021987@hotmail.com;bd8e1b7ee;
Ткачёв;Захар;Максимоич;м;1972-04-19;Россия, г. Благовещенск, Заречная ул., д. 2 кв.169;+7 (990) 268-56-22;zahar19041972@ya.ru;b5c4f9685;
Акулов;Валентин;Акимович;м;1965-05-18;Россия, г. Владикавказ, Весенняя ул., д. 1 кв.50;+7 (923) 533-27-65;valentin18051965@hotmail.com;ca11954b2;
Куликов;Емельян;Феодосивич;м;1968-04-03;Россия, г. Октябрьский, Заречная ул., д. 11 кв.175;+7 (979) 960-64-10;emelyan30@gmail.com;583467673;
Набиуллин;Даниил;Аркадинович;м;1974-08-28;Россия, г. Магнитогорск, 17 Сентября ул., д. 21 кв.78;+7 (988) 214-48-65;daniil.nabiullin@rambler.ru;1947edaff;
Прохоров;Венедикт;Даниилович;м;1982-03-16;Россия, г. Воронеж, Кирова ул., д. 5 кв.59;+7 (950) 385-79-72;venedikt.prohorov@outlook.com;d2f40689c;
Агафонов;Герасим;Васильевич;м;1989-04-18;Россия, г. Улан-Удэ, Речная ул., д. 13 кв.61;+7 (931) 902-61-43;gerasim1989@outlook.com;97934c659;
Янишина;Людмила;Степановна;ж;1974-08-25;Россия, г. Шахты, Комсомольская ул., д. 3 кв.136;+7 (962) 660-38-62;lyudmila25081974@yandex.ru;91f03ee7c;
Авдеева;Таисия;Климентьевна;ж;1978-12-19;Россия, г. Ковров, Заслонова ул., д. 22 кв.39;+7 (928) 855-78-48;taisiya19121978@rambler.ru;471e4883f;
Богуна;Мила;Ипполитовна;ж;1983-12-12;Россия, г. Коломна, Первомайская ул., д. 3 кв.196;+7 (958) 423-87-40;mila.boguna@gmail.com;9ae156949;
Флёрова;Ольга;Ростиславовна;ж;1994-02-28;Россия, г. Златоуст, Колхозная ул., д. 24 кв.210;+7 (938) 869-26-32;olga69@outlook.com;78a120626;
Верясов;Тарас;Наумович;м;1977-12-20;Россия, г. Магнитогорск, Центральный пер., д. 2 кв.169;+7 (960) 236-92-39;taras1977@ya.ru;81ffca434;
Иволгин;Прохор;Максимович;м;1993-04-19;Россия, г. Волгоград, Белорусская ул., д. 22 кв.154;+7 (908) 657-46-55;prohor2142@yandex.ru;9fbe97b67;
Белевич;Марьямна;Филипповна;ж;1991-11-02;Россия, г. Владимир, Коммунистическая ул., д. 19 кв.194;+7 (918) 998-31-51;maryamna02111991@hotmail.com;4f75e638a;
Алексеева;Настасья;Степановна;ж;1989-05-04;Россия, г. Липецк, Калинина ул., д. 1 кв.186;+7 (920) 851-51-64;nastasya.alekseeva@gmail.com;c1da64d09;
Никишина;Алла;Данииловна;ж;1995-06-27;Россия, г. Железногорск, Коммунистическая ул., д. 22 кв.205;+7 (981) 823-34-53;alla27061995@yandex.ru;a910fe436;
Хоботилов;Георгий;Георгиевич;м;1974-03-24;Россия, г. Великий Новгород, Лесная ул., д. 20 кв.24;+7 (907) 107-57-66;georgiy34@gmail.com;4bb5b78de;
Кизатова;Алла;Макаровна;ж;1983-05-17;Россия, г. Сочи, Лесная ул., д. 20 кв.53;+7 (997) 887-34-37;alla1974@outlook.com;d2c035f13;
Горбачев;Игнат;Егорович;м;1995-06-20;Россия, г. Королёв, Дачная ул., д. 16 кв.33;+7 (929) 753-91-87;ignat1995@mail.ru;a9d5fb72f;
Якусик;Марфа;Алексеевна;ж;1969-02-05;Россия, г. Челябинск, Луговой пер., д. 20 кв.131;+7 (917) 773-23-26;marfa4500@gmail.com;e20888ac4;
Костюк;Вениамин;Ильич;м;1961-03-20;Россия, г. Кызыл, Севернаяул., д. 9 кв.77;+7 (978) 842-56-71;veniamin24@hotmail.com;4c8b001cc;
Ярцева;София;Ивановна;ж;1986-10-02;Россия, г. Химки, Заречный пер., д. 22 кв.52;+7 (918) 344-55-99;sofiya1118@hotmail.com;e4a8c3676;
Подколодная;Антонина;Игнатьевна;ж;1962-04-07;Россия, г. Дербент, Майская ул., д. 10 кв.82;+7 (993) 262-72-89;antonina1962@gmail.com;d90238710;
Криворотова;Дарья;Константиновна;ж;1981-01-02;Россия, г. Элиста, ЯнкиКупалы ул., д. 20 кв.178;+7 (960) 930-93-90;darya86@outlook.com;67508828d;
Высоцкая;Юлия;Георгьевна;ж;1978-03-15;Россия, г. Химки, Вишневая ул., д. 14 кв.30;+7 (912) 586-83-19;yuliya15031978@outlook.com;edcd92b96;
Богданов;Леонтий;Яковлевич;м;1986-03-28;Россия, г. Сургут, Речной пер., д. 15 кв.36;+7 (957) 789-68-79;leontiy28031986@outlook.com;af5269b87;
Югов;Алексей;Прохорович;м;1962-10-24;Россия, г. Димитровград, 3 Марта ул., д. 24 кв.134;+7 (959) 673-46-41;aleksey1962@yandex.ru;d4219505b;
Демина;Марианна;Витальевна;ж;1976-08-16;Россия, г. Орехово-Зуево, Калинина ул., д. 24 кв.183;+7 (928) 847-84-67;marianna90@mail.ru;8df3f2c22;
Яковеца;Кира;Валериановна;ж;1989-11-23;Россия, г. Иваново, Заслонова ул., д. 12 кв.43;+7 (984) 715-99-42;kira.yakoveca@outlook.com;8c228ffb2;
Витковская;Нина;Саввановна;ж;1961-12-21;Россия, г. Ангарск, Заводская ул., д. 21 кв.152;+7 (968) 865-63-57;nina21121961@outlook.com;3c18b6fa2;
Дроздов;Илья;Власович;м;1977-09-27;Россия, г. Екатеринбург, Сельская ул., д. 21 кв.10;+7 (983) 977-38-72;ilya1977@yandex.ru;f7b6c9b58;
Толкачева;Ярослава;Павловна;ж;1962-04-20;Россия, г. Великий Новгород, Луговая ул., д. 15 кв.193;+7 (963) 349-82-97;yaroslava1823@rambler.ru;ae6e8d6b2;
Злобина;Лидия;Витальевна;ж;1963-07-15;Россия, г. Арзамас, Майская ул., д. 13 кв.108;+7 (915) 588-77-26;lidiya.zlobina@outlook.com;5d3f2da5e;
Минаев;Дмитрий;Тарасович;м;1983-05-02;Россия, г. Махачкала, Лесной пер., д. 11 кв.33;+7 (986) 622-74-33;dmitriy87@gmail.com;6d899b883;
Клим;Макар;Порфирьевич;м;1970-06-19;Россия, г. Кострома, Кирова ул., д. 20 кв.177;+7 (920) 544-96-70;makar91@rambler.ru;ab2e5e1bc;
Жолдин;Валентин;Антонрвич;м;1983-11-26;Россия, г. Ижевск, Дружная ул., д. 11 кв.14;+7 (925) 850-48-78;valentin1618@gmail.com;71a6178ff;
Бабанова;Дарья;Игнатьевна;ж;1965-01-13;Россия, г. Златоуст, Ленина ул., д. 25 кв.24;+7 (929) 173-87-56;darya2012@hotmail.com;25ba80a7e;
Мощенская;Карина;Степановна;ж;1988-02-13;Россия, г. Ногинск, Школьный пер., д. 2 кв.33;+7 (994) 621-11-37;karina15@mail.ru;558c2bec5;
Кологреев;Иннокентий;Леонтьевич;м;1970-04-25;Россия, г. Артем, Весенняя ул., д. 15 кв.213;+7 (940) 435-69-93;innokentiy3771@ya.ru;458288738;
Янишин;Яков;Серафимович;м;1963-02-18;Россия, г. Якутск, Луговой пер., д. 10 кв.142;+7 (994) 801-19-24;yakov.yanishin@ya.ru;1eddaf194;
Самошин;Илья;Николаевич;м;1960-05-05;Россия, г. Орёл, Победы ул., д. 14 кв.133;+7 (926) 696-56-89;ilya05051960@hotmail.com;ff8206f09;
Ямковой;Константин;Макарович;м;1978-07-06;Россия, г. Черкесск, Чкалова ул., д. 20 кв.97;+7 (984) 125-69-19;konstantin.yamkovoy@mail.ru;0401ccb93;
Корбылев;Григорий;Ильич;м;1960-10-19;Россия, г. Красноярск, Школьный пер., д. 25 кв.177;+7 (918) 792-38-48;grigoriy19101960@outlook.com;d47532620;
Канаев;Никита;Ильич;м;1987-04-24;Россия, г. Реутов, Белорусская ул., д. 23 кв.10;+7 (972) 240-44-75;nikita1987@mail.ru;4b56b9cd6;
Шеркова;Ника;Егоровна;ж;1961-12-14;Россия, г. Краснодар, Красноармейская ул., д. 25 кв.43;+7 (984) 699-72-50;nika.erkova@gmail.com;a006bcd3e;
Кедров;Степан;Антонович;м;1972-04-12;Россия, г. Находка, Цветочная ул., д. 7 кв.108;+7 (956) 282-43-22;stepan1788@hotmail.com;a6cbea4cc;
Набатникова;Пелагея;Алексеевна;ж;1965-03-20;Россия, г. Сочи, Чапаева ул., д. 24 кв.88;+7 (950) 424-30-66;pelageya20031965@gmail.com;737efeb36;
Цехановецкая;Клара;Валентиновна;ж;1980-11-01;Россия, г. Ярославль, Рабочая ул., д. 22 кв.9;+7 (917) 137-94-78;klara1980@ya.ru;4b3a5027b;
Кондрашова;Ксения;Даниловна;ж;1966-03-07;Россия, г. Орёл, Советская ул., д. 9 кв.113;+7 (990) 387-65-83;kseniya1966@ya.ru;1effc102e;
Толстая;Ульяна;Данииловна;ж;1975-10-12;Россия, г. Коломна, Пушкина ул., д. 8 кв.120;+7 (968) 107-29-38;ulyana12101975@outlook.com;33d2a1217;
Водоватов;Юрий;Сергеевич;м;1963-05-07;Россия, г. Набережные Челны, Солнечный пер., д. 3 кв.156;+7 (947) 245-13-25;yuriy07051963@mail.ru;8fefaa87d;
Коренева;Наталия;Максимовна;ж;1963-10-18;Россия, г. Петропавловск-Камчатский, Озерная ул., д. 16 кв.109;+7 (906) 387-85-38;nataliya1963@yandex.ru;8617d1deb;
Ютилова;Антонина;Елизаровна;ж;1987-12-01;Россия, г. Раменское, Дружбы ул., д. 6 кв.146;+7 (983) 672-25-29;antonina.yutilova@mail.ru;e7db94917;
Финагина;Антонина;Якововна;ж;1982-11-08;Россия, г. Северодвинск, Интернациональная ул., д. 17 кв.137;+7 (906) 905-79-92;antonina36@rambler.ru;12d0ddbb5;
Икашева;Тамара;Якововна;ж;1990-07-13;Россия, г. Одинцово, Центральная ул., д. 16 кв.183;+7 (963) 105-41-42;tamara83@mail.ru;4ee34bd86;
Мартьянова;Алла;Федоровна;ж;1965-01-14;Россия, г. Пушкино, Сельская ул., д. 19 кв.116;+7 (929) 707-24-31;alla2614@outlook.com;3439455ba;
Безукладникова;Инна;Васильевна;ж;1989-08-14;Россия, г. Новокузнецк, Коммунистическая ул., д. 10 кв.143;+7 (997) 230-19-67;inna.bezukladnikova@hotmail.com;1d267145a;
Муравьёв;Георгий;Нифонтович;м;1994-07-01;Россия, г. Белгород, Трудовая ул., д. 22 кв.48;+7 (997) 378-99-82;georgiy01071994@ya.ru;00b3ffa96;
Ястребова;Валентина;Яковна;ж;1961-07-21;Россия, г. Владимир, Севернаяул., д. 4 кв.177;+7 (985) 562-36-93;valentina8869@mail.ru;92e922bc3;
Сухиха;София;Ильишна;ж;1961-03-07;Россия, г. Уфа, Мирная ул., д. 23 кв.47;+7 (948) 181-43-91;sofiya81@hotmail.com;538983f23;
Ян;Даниил;Емельянович;м;1988-07-03;Россия, г. Барнаул, Советский пер., д. 25 кв.105;+7 (919) 780-85-55;daniil03071988@gmail.com;a46eb9e5b;
Дубровский;Петр;Германович;м;1975-09-17;Россия, г. Нижнекамск, Весенняя ул., д. 15 кв.81;+7 (964) 620-63-71;petr37@outlook.com;f6ef26497;
Рогозин;Прохор;Викторович;м;1991-01-13;Россия, г. Владивосток, Минская ул., д. 12 кв.22;+7 (906) 523-85-48;prohor8128@rambler.ru;3e77ff35a;
Веденин;Константин;Юринович;м;1975-08-03;Россия, г. Балашиха, Молодежная ул., д. 16 кв.60;+7 (919) 435-47-88;konstantin.vedenin@ya.ru;3189dd3b1;
Солдатов;Александр;Емельянович;м;1992-08-11;Россия, г. Мытищи, Центральный пер., д. 17 кв.139;+7 (912) 656-50-90;aleksandr50@outlook.com;d45901114;
Чичеринова;Евгения;Семеновна;ж;1984-06-17;Россия, г. Тамбов, Социалистическая ул., д. 7 кв.158;+7 (911) 790-22-50;evgeniya24@outlook.com;536ed07a9;
Зубока;Милана;Давидовна;ж;1981-01-28;Россия, г. Северодвинск, Советский пер., д. 23 кв.172;+7 (964) 638-25-40;milana1981@ya.ru;18f4d14c5;
Сушилов;Вячеслав;Даниилович;м;1987-03-28;Россия, г. Ковров, ЯнкиКупалы ул., д. 15 кв.173;+7 (941) 502-99-77;vyacheslav.sushilov@mail.ru;d29cad860;
Мамин;Филипп;Петрович;м;1974-03-10;Россия, г. Евпатория, Комсомольская ул., д. 1 кв.15;+7 (945) 892-87-58;filipp5028@outlook.com;006dc98f6;
Ли;Юлиана;Георгьевна;ж;1989-03-15;Россия, г. Новочебоксарск, Светлая ул., д. 23 кв.160;+7 (911) 216-43-95;yuliana.li@ya.ru;1ba238b54;
Янушко;Сюзанна;Петровна;ж;1963-07-26;Россия, г. Омск, Заречная ул., д. 5 кв.216;+7 (982) 967-42-63;syuzanna2153@yandex.ru;1d31d3e01;
Чекудаев;Иван;Игнатьевич;м;1971-08-11;Россия, г. Новокузнецк, Коммунистическая ул., д. 23 кв.51;+7 (924) 998-44-58;ivan7750@gmail.com;b9a515bb1;
Шабунин;Арсений;Ильич;м;1962-03-23;Россия, г. Тверь, Полевая ул., д. 7 кв.198;+7 (977) 840-94-17;arseniy1962@outlook.com;145bf6cc8;
Перов;Федот;Михаилович;м;1968-10-06;Россия, г. Курган, Озерный пер., д. 3 кв.119;+7 (948) 698-60-72;fedot.perov@hotmail.com;bccf5cb4f;
Чадов;Даниил;Никитович;м;1994-11-01;Россия, г. Волгоград, Пушкина ул., д. 15 кв.160;+7 (981) 429-95-27;daniil01111994@gmail.com;66b7c8669;
Набойченко;Максим;Евгениевич;м;1983-06-16;Россия, г. Дзержинск, Октябрьский пер., д. 8 кв.63;+7 (969) 925-26-83;maksim1983@outlook.com;8407f4bd5;
Квасов;Николай;Лукьевич;м;1975-07-18;Россия, г. Нефтеюганск, Луговая ул., д. 5 кв.216;+7 (945) 331-39-65;nikolay2321@yandex.ru;52bfe2b6b;
Булдаков;Никита;Давидович;м;1982-06-15;Россия, г. Волжский, Колхозный пер., д. 17 кв.14;+7 (965) 304-37-54;nikita15061982@hotmail.com;5e641715d;
Путина;Любовь;Трофимовна;ж;1964-12-28;Россия, г. Симферополь, Красноармейская ул., д. 24 кв.178;+7 (965) 374-29-24;lyubov28121964@yandex.ru;dd3bd4b64;
Друганин;Аркадий;Герасимович;м;1978-12-09;Россия, г. Нальчик, Восточная ул., д. 10 кв.103;+7 (909) 268-85-78;arkadiy09121978@outlook.com;64619eba5;
Холопов;Константин;Филиппович;м;1964-01-19;Россия, г. Нефтеюганск, Радужная ул., д. 7 кв.81;+7 (931) 278-82-98;konstantin2911@mail.ru;e493a489a;
Устимовича;Вероника;Евгеньевна;ж;1978-05-09;Россия, г. Пенза, Озерный пер., д. 16 кв.113;+7 (944) 401-60-94;veronika09051978@ya.ru;357283d8d;
Валеев;Марк;Захарович;м;1994-12-27;Россия, г. Раменское, Пионерская ул., д. 25 кв.92;+7 (907) 110-48-86;mark1994@ya.ru;4d1b2f629;
Удома;Любовь;Ефимовна;ж;1976-10-06;Россия, г. Новый Уренгой, Школьная ул., д. 19 кв.92;+7 (955) 471-72-33;lyubov1976@mail.ru;88143e52a;
Савинкова;Карина;Всеволодовна;ж;1966-10-16;Россия, г. Элиста, Набережная ул., д. 2 кв.97;+7 (987) 187-70-95;karina3646@ya.ru;16956d087;
Валюхов;Александр;Ефимович;м;1961-08-09;Россия, г. Саратов, Строителей ул., д. 25 кв.3;+7 (978) 239-14-75;aleksandr45@outlook.com;f2da3a98d;
Зуев;Яков;Тимофеевич;м;1993-02-24;Россия, г. Шахты, Цветочная ул., д. 18 кв.123;+7 (992) 628-13-78;yakov1993@ya.ru;370290593;
Ясинская;Жанна;Федоровна;ж;1992-10-23;Россия, г. Саратов, Минская ул., д. 23 кв.86;+7 (986) 952-94-41;janna86@yandex.ru;6ec259ce7;
Горячев;Тимофей;Евгениевич;м;1988-11-09;Россия, г. Воронеж, Первомайский пер., д. 12 кв.169;+7 (976) 669-26-84;timofey1974@yandex.ru;bce8bd958;
Сальникова;Марфа;Федоровна;ж;1964-03-26;Россия, г. Златоуст, Мира ул., д. 22 кв.26;+7 (959) 349-59-54;marfa18@outlook.com;47daca401;
Шурдукова;Анфиса;Макаровна;ж;1978-01-27;Россия, г. Новомосковск, Коммунистическая ул., д. 13 кв.175;+7 (973) 968-12-88;anfisa27011978@rambler.ru;5126d69dd;
Кузьмич;Яков;Семенович;м;1986-02-10;Россия, г. Коломна, Южная ул., д. 11 кв.32;+7 (978) 921-28-30;yakov74@outlook.com;dc1a7a413;
Кабанов;Константин;Юлианович;м;1975-02-19;Россия, г. Комсомольск-на-Амуре, Дружная ул., д. 10 кв.132;+7 (955) 790-53-73;konstantin58@outlook.com;53e613ba1;
Яковленко;Мила;Никандровна;ж;1983-06-18;Россия, г. Бийск, Калинина ул., д. 7 кв.24;+7 (972) 931-14-67;mila3639@hotmail.com;1661ce276;
Язовицкий;Максим;Данилович;м;1963-08-18;Россия, г. Ростов-на-Дону, Калинина ул., д. 17 кв.183;+7 (908) 698-31-79;maksim.yazovickiy@gmail.com;d5b8621f8;
